uf,liste,part_voix,sieges_mediane,p05,p95
AC,PSDB CIDADANIA,3.1,0.0,0.0,1.0
AC,MDB,7.73,2.0,0.0,4.0
AC,RENOVAÇÃO SOLIDÁRIA,5.81,1.0,0.0,2.0
AC,FE BRASIL,6.16,1.0,0.0,3.0
AC,PDT,11.81,3.0,1.0,6.0
AC,PL,8.18,2.0,1.0,4.0
AC,PODE,3.13,0.0,0.0,1.0
AC,UNIÃO PROGRESSISTA,29.42,8.0,4.0,14.0
AC,PSB,2.81,0.0,0.0,1.0
AC,PSD,9.66,2.0,1.0,5.0
AC,PSOL REDE,0.52,0.0,0.0,0.0
AC,REPUBLICANOS,8.83,2.0,1.0,5.0
AC,NOVO,2.72,0.0,0.0,1.0
AL,AVANTE,2.69,0.0,0.0,1.0
AL,PSDB CIDADANIA,4.66,1.0,0.0,3.0
AL,MDB,53.29,15.0,9.0,21.0
AL,FE BRASIL,11.77,3.0,1.0,7.0
AL,PL,5.0,1.0,0.0,3.0
AL,UNIÃO PROGRESSISTA,22.18,6.0,2.0,12.0
AM,AGIR,2.05,0.0,0.0,1.0
AM,AVANTE,14.08,3.0,1.0,7.0
AM,MDB,7.91,2.0,0.0,4.0
AM,FE BRASIL,10.52,2.0,1.0,5.0
AM,PDT,1.22,0.0,0.0,0.0
AM,PL,8.76,2.0,1.0,4.0
AM,PSB,2.99,0.0,0.0,1.0
AM,PODE,12.27,3.0,1.0,6.0
AM,REPUBLICANOS,9.54,2.0,1.0,5.0
AM,UNIÃO PROGRESSISTA,25.1,6.0,3.0,12.0
AM,PSD,5.22,1.0,0.0,3.0
AP,MDB,5.12,1.0,0.0,2.0
AP,FE BRASIL,11.52,3.0,1.0,6.0
AP,PDT,15.49,4.0,1.0,8.0
AP,PL,9.88,2.0,1.0,5.0
AP,PODE,7.59,2.0,0.0,4.0
AP,UNIÃO PROGRESSISTA,18.97,5.0,2.0,9.0
AP,PSD,7.15,1.0,0.0,4.0
AP,PSOL REDE,8.94,2.0,1.0,4.0
AP,REPUBLICANOS,12.85,3.0,1.0,6.0
AP,NOVO,2.48,0.0,0.0,1.0
BA,AVANTE,5.88,3.0,1.0,8.0
BA,PSDB CIDADANIA,5.38,3.0,1.0,7.0
BA,MDB,4.54,2.0,1.0,6.0
BA,FE BRASIL,26.95,17.0,8.0,29.0
BA,PDT,4.63,2.0,1.0,6.0
BA,PL,8.02,5.0,2.0,10.0
BA,UNIÃO PROGRESSISTA,19.93,12.0,6.0,23.0
BA,PSB,2.28,1.0,0.0,2.0
BA,PSD,14.83,9.0,4.0,18.0
BA,PSOL REDE,1.89,1.0,0.0,2.0
BA,REPUBLICANOS,5.26,3.0,1.0,7.0
CE,PSDB CIDADANIA,11.54,5.0,2.0,11.0
CE,MDB,8.29,4.0,1.0,8.0
CE,FE BRASIL,20.48,9.0,4.0,18.0
CE,PDT,6.38,2.0,1.0,5.0
CE,PL,9.19,4.0,2.0,9.0
CE,MOBILIZA,3.33,1.0,0.0,3.0
CE,UNIÃO PROGRESSISTA,7.48,3.0,1.0,7.0
CE,RENOVAÇÃO SOLIDÁRIA,1.28,0.0,0.0,1.0
CE,PSB,16.92,8.0,3.0,15.0
CE,PSD,6.04,2.0,1.0,6.0
CE,PSOL REDE,4.13,1.0,0.0,4.0
CE,REPUBLICANOS,4.75,2.0,1.0,4.0
DF,AVANTE,3.06,0.0,0.0,1.0
DF,PSDB CIDADANIA,2.27,0.0,0.0,1.0
DF,DC,2.01,0.0,0.0,0.0
DF,MDB,9.26,2.0,1.0,5.0
DF,NOVO,1.62,0.0,0.0,0.0
DF,RENOVAÇÃO SOLIDÁRIA,3.85,0.0,0.0,1.0
DF,FE BRASIL,9.37,2.0,1.0,5.0
DF,PDT,1.04,0.0,0.0,0.0
DF,PL,13.91,4.0,2.0,8.0
DF,MOBILIZA,4.77,1.0,0.0,3.0
DF,PODE,6.46,2.0,0.0,4.0
DF,UNIÃO PROGRESSISTA,15.07,4.0,2.0,9.0
DF,PSB,4.51,1.0,0.0,3.0
DF,PSD,4.59,1.0,0.0,3.0
DF,PSOL REDE,6.89,2.0,0.0,4.0
DF,REPUBLICANOS,8.81,2.0,1.0,5.0
DF,DEMOCRATA,2.43,0.0,0.0,1.0
ES,AGIR,3.36,1.0,0.0,2.0
ES,PSDB CIDADANIA,4.14,1.0,0.0,2.0
ES,DC,1.76,0.0,0.0,1.0
ES,MDB,9.04,3.0,1.0,6.0
ES,RENOVAÇÃO SOLIDÁRIA,5.62,1.0,0.0,3.0
ES,FE BRASIL,7.11,1.0,0.0,4.0
ES,PDT,3.23,0.0,0.0,1.0
ES,PL,13.27,4.0,2.0,9.0
ES,PODE,10.28,3.0,1.0,7.0
ES,UNIÃO PROGRESSISTA,14.54,5.0,2.0,9.0
ES,PSB,10.27,3.0,1.0,7.0
ES,PSOL REDE,3.83,1.0,0.0,2.0
ES,REPUBLICANOS,13.47,4.0,2.0,9.0
GO,AGIR,4.02,1.0,0.0,3.0
GO,PSDB CIDADANIA,10.01,4.0,2.0,8.0
GO,DC,1.02,0.0,0.0,0.0
GO,MDB,16.36,7.0,3.0,14.0
GO,NOVO,2.06,0.0,0.0,1.0
GO,RENOVAÇÃO SOLIDÁRIA,10.14,4.0,2.0,9.0
GO,FE BRASIL,7.41,3.0,1.0,6.0
GO,PL,8.52,3.0,1.0,7.0
GO,MOBILIZA,4.37,1.0,0.0,4.0
GO,PODE,6.53,2.0,1.0,6.0
GO,UNIÃO PROGRESSISTA,15.7,7.0,3.0,13.0
GO,PSB,3.96,1.0,0.0,3.0
GO,PSD,2.13,0.0,0.0,2.0
GO,REPUBLICANOS,6.32,2.0,1.0,5.0
GO,DEMOCRATA,1.2,0.0,0.0,1.0
MA,MDB,22.73,9.0,4.0,17.0
MA,RENOVAÇÃO SOLIDÁRIA,6.26,2.0,1.0,5.0
MA,FE BRASIL,8.43,3.0,1.0,7.0
MA,PDT,3.78,1.0,0.0,3.0
MA,PL,15.63,6.0,3.0,13.0
MA,UNIÃO PROGRESSISTA,5.86,2.0,1.0,4.0
MA,PSB,15.32,6.0,3.0,12.0
MA,PSD,8.27,3.0,1.0,7.0
MA,REPUBLICANOS,13.37,5.0,2.0,11.0
MG,AVANTE,3.08,2.0,1.0,5.0
MG,PSDB CIDADANIA,5.18,4.0,1.0,8.0
MG,MDB,2.84,2.0,0.0,4.0
MG,NOVO,3.45,2.0,1.0,5.0
MG,RENOVAÇÃO SOLIDÁRIA,5.77,4.0,2.0,9.0
MG,FE BRASIL,17.8,14.0,6.0,26.0
MG,PDT,2.6,1.0,0.0,4.0
MG,PL,13.77,10.0,5.0,21.0
MG,MOBILIZA,1.4,0.0,0.0,2.0
MG,PODE,4.04,3.0,1.0,6.0
MG,UNIÃO PROGRESSISTA,12.42,9.0,4.0,19.0
MG,PSB,3.15,2.0,1.0,5.0
MG,PSD,13.59,10.0,5.0,20.0
MG,PSOL REDE,4.09,3.0,1.0,6.0
MG,REPUBLICANOS,5.59,4.0,1.0,9.0
MG,DEMOCRATA,0.71,0.0,0.0,1.0
MS,AVANTE,4.94,1.0,0.0,2.0
MS,PSDB CIDADANIA,15.99,4.0,2.0,8.0
MS,MDB,9.12,2.0,1.0,5.0
MS,RENOVAÇÃO SOLIDÁRIA,2.95,0.0,0.0,1.0
MS,FE BRASIL,11.64,3.0,1.0,6.0
MS,PDT,2.08,0.0,0.0,1.0
MS,PL,21.19,5.0,2.0,10.0
MS,UNIÃO PROGRESSISTA,22.33,6.0,2.0,10.0
MS,PSOL REDE,0.74,0.0,0.0,0.0
MS,REPUBLICANOS,8.92,2.0,1.0,4.0
MT,PSDB CIDADANIA,7.87,2.0,0.0,4.0
MT,MDB,17.94,4.0,2.0,8.0
MT,FE BRASIL,8.83,2.0,1.0,4.0
MT,PL,9.47,2.0,1.0,5.0
MT,PODE,17.7,4.0,2.0,8.0
MT,UNIÃO PROGRESSISTA,12.66,3.0,1.0,6.0
MT,PSD,7.66,2.0,0.0,4.0
MT,REPUBLICANOS,15.19,4.0,1.0,7.0
MT,NOVO,2.01,0.0,0.0,1.0
PA,AVANTE,4.03,1.0,0.0,3.0
PA,PSDB CIDADANIA,2.2,0.0,0.0,1.0
PA,MDB,30.95,13.0,7.0,22.0
PA,RENOVAÇÃO SOLIDÁRIA,2.65,0.0,0.0,2.0
PA,FE BRASIL,12.62,5.0,2.0,11.0
PA,PDT,4.92,2.0,0.0,4.0
PA,PL,7.26,3.0,1.0,6.0
PA,PODE,8.3,3.0,1.0,7.0
PA,UNIÃO PROGRESSISTA,14.2,6.0,2.0,12.0
PA,PSD,6.07,2.0,1.0,5.0
PA,PSOL REDE,3.14,1.0,0.0,3.0
PA,REPUBLICANOS,3.57,1.0,0.0,3.0
PB,MDB,15.09,5.0,2.0,11.0
PB,FE BRASIL,12.0,4.0,1.0,9.0
PB,PL,6.4,2.0,1.0,5.0
PB,UNIÃO PROGRESSISTA,35.1,13.0,6.0,21.0
PB,PSB,9.36,3.0,1.0,7.0
PB,PSOL REDE,1.82,0.0,0.0,1.0
PB,REPUBLICANOS,19.73,7.0,3.0,14.0
PE,AVANTE,1.26,0.0,0.0,1.0
PE,RENOVAÇÃO SOLIDÁRIA,5.02,2.0,1.0,4.0
PE,FE BRASIL,13.81,7.0,3.0,14.0
PE,PL,11.9,6.0,2.0,12.0
PE,UNIÃO PROGRESSISTA,23.62,12.0,6.0,21.0
PE,PSB,18.77,9.0,4.0,18.0
PE,PSD,8.6,4.0,2.0,9.0
PE,PSOL REDE,1.82,0.0,0.0,1.0
PE,REPUBLICANOS,3.68,1.0,0.0,4.0
PE,MDB,1.75,0.0,0.0,2.0
PE,NOVO,1.5,0.0,0.0,1.0
PE,PODE,7.62,3.0,1.0,8.0
PI,MDB,34.4,10.0,5.0,18.0
PI,FE BRASIL,41.02,12.0,6.0,20.0
PI,PL,2.11,0.0,0.0,1.0
PI,UNIÃO PROGRESSISTA,15.55,4.0,2.0,9.0
PI,PSD,6.51,2.0,0.0,4.0
PR,PSDB CIDADANIA,3.83,2.0,0.0,4.0
PR,MDB,3.91,2.0,0.0,4.0
PR,NOVO,3.12,1.0,0.0,3.0
PR,RENOVAÇÃO SOLIDÁRIA,4.05,1.0,0.0,4.0
PR,FE BRASIL,12.92,7.0,3.0,14.0
PR,PDT,2.06,1.0,0.0,2.0
PR,PL,16.39,9.0,4.0,17.0
PR,PODE,4.51,2.0,1.0,5.0
PR,UNIÃO PROGRESSISTA,13.38,7.0,3.0,14.0
PR,PSD,27.32,15.0,7.0,26.0
PR,PSOL REDE,0.54,0.0,0.0,0.0
PR,REPUBLICANOS,6.94,3.0,1.0,8.0
PR,AVANTE,0.88,0.0,0.0,1.0
RJ,AGIR,1.89,1.0,0.0,3.0
RJ,AVANTE,1.98,1.0,0.0,3.0
RJ,PSDB CIDADANIA,2.84,2.0,0.0,4.0
RJ,DC,0.95,0.0,0.0,1.0
RJ,MDB,3.95,2.0,1.0,6.0
RJ,NOVO,1.43,0.0,0.0,2.0
RJ,RENOVAÇÃO SOLIDÁRIA,10.14,7.0,3.0,15.0
RJ,FE BRASIL,10.45,7.0,3.0,15.0
RJ,PDT,2.71,1.0,0.0,3.0
RJ,PL,21.82,16.0,8.0,28.0
RJ,MOBILIZA,1.01,0.0,0.0,1.0
RJ,PODE,4.29,2.0,1.0,5.0
RJ,UNIÃO PROGRESSISTA,13.55,9.0,4.0,19.0
RJ,PSB,3.2,2.0,1.0,5.0
RJ,PSD,10.13,7.0,3.0,15.0
RJ,PSOL REDE,5.69,4.0,1.0,8.0
RJ,REPUBLICANOS,3.69,2.0,1.0,5.0
RN,PSDB CIDADANIA,20.54,5.0,2.0,9.0
RN,MDB,3.95,0.0,0.0,2.0
RN,RENOVAÇÃO SOLIDÁRIA,5.72,1.0,0.0,2.0
RN,FE BRASIL,26.78,6.0,3.0,12.0
RN,PL,26.61,6.0,3.0,12.0
RN,UNIÃO PROGRESSISTA,15.82,4.0,1.0,8.0
RO,AVANTE,7.17,2.0,0.0,4.0
RO,MDB,3.1,0.0,0.0,1.0
RO,RENOVAÇÃO SOLIDÁRIA,15.18,4.0,2.0,8.0
RO,FE BRASIL,6.58,1.0,0.0,3.0
RO,PL,13.92,4.0,1.0,7.0
RO,MOBILIZA,4.94,1.0,0.0,2.0
RO,PODE,6.41,1.0,0.0,2.0
RO,UNIÃO PROGRESSISTA,16.45,4.0,2.0,9.0
RO,PSB,2.75,0.0,0.0,1.0
RO,PSD,10.4,2.0,1.0,6.0
RO,REPUBLICANOS,9.18,2.0,1.0,5.0
RO,NOVO,3.72,1.0,0.0,2.0
RR,PSDB CIDADANIA,2.89,0.0,0.0,1.0
RR,MDB,6.4,1.0,0.0,3.0
RR,FE BRASIL,2.54,0.0,0.0,1.0
RR,PDT,1.8,0.0,0.0,1.0
RR,PL,17.15,4.0,2.0,8.0
RR,PODE,15.82,4.0,1.0,8.0
RR,UNIÃO PROGRESSISTA,31.88,8.0,4.0,14.0
RR,REPUBLICANOS,18.0,4.0,2.0,9.0
RR,AGIR,3.36,0.0,0.0,2.0
RS,PSDB CIDADANIA,5.72,3.0,1.0,6.0
RS,MDB,11.45,6.0,2.0,12.0
RS,NOVO,2.53,1.0,0.0,3.0
RS,FE BRASIL,18.55,10.0,5.0,19.0
RS,PDT,8.06,4.0,2.0,9.0
RS,PL,7.98,4.0,2.0,9.0
RS,PODE,5.32,2.0,1.0,6.0
RS,UNIÃO PROGRESSISTA,16.42,9.0,4.0,17.0
RS,PSB,2.91,1.0,0.0,3.0
RS,PSD,6.57,3.0,1.0,7.0
RS,PSOL REDE,4.54,2.0,1.0,5.0
RS,REPUBLICANOS,9.93,5.0,2.0,11.0
SC,AVANTE,0.78,0.0,0.0,0.0
SC,PSDB CIDADANIA,2.66,1.0,0.0,2.0
SC,MDB,11.94,5.0,2.0,10.0
SC,NOVO,3.74,1.0,0.0,2.0
SC,RENOVAÇÃO SOLIDÁRIA,5.13,2.0,0.0,4.0
SC,FE BRASIL,10.31,4.0,2.0,9.0
SC,PDT,2.07,0.0,0.0,1.0
SC,PL,25.2,10.0,5.0,19.0
SC,PODE,5.72,2.0,1.0,5.0
SC,UNIÃO PROGRESSISTA,13.51,5.0,2.0,11.0
SC,PSD,8.8,3.0,1.0,7.0
SC,PSOL REDE,2.2,0.0,0.0,2.0
SC,REPUBLICANOS,7.85,3.0,1.0,7.0
SE,MDB,4.43,1.0,0.0,2.0
SE,FE BRASIL,10.89,2.0,1.0,5.0
SE,PL,7.43,1.0,0.0,4.0
SE,PODE,2.23,0.0,0.0,1.0
SE,UNIÃO PROGRESSISTA,28.83,7.0,4.0,13.0
SE,PSB,6.92,1.0,0.0,3.0
SE,PSD,17.48,4.0,2.0,8.0
SE,PSOL REDE,6.62,1.0,0.0,3.0
SE,REPUBLICANOS,14.74,3.0,1.0,7.0
SP,PSDB CIDADANIA,6.01,5.0,2.0,11.0
SP,MDB,5.51,5.0,2.0,10.0
SP,NOVO,2.01,1.0,0.0,3.0
SP,RENOVAÇÃO SOLIDÁRIA,2.3,2.0,0.0,4.0
SP,FE BRASIL,17.3,16.0,7.0,30.0
SP,PDT,1.17,1.0,0.0,2.0
SP,PL,18.1,16.0,8.0,31.0
SP,PODE,6.43,5.0,2.0,12.0
SP,UNIÃO PROGRESSISTA,12.26,11.0,5.0,22.0
SP,PSB,3.68,3.0,1.0,7.0
SP,PSD,8.06,7.0,3.0,15.0
SP,PSOL REDE,6.8,6.0,2.0,13.0
SP,REPUBLICANOS,9.7,8.0,4.0,18.0
TO,PSDB CIDADANIA,14.92,3.0,1.0,7.0
TO,MDB,6.19,1.0,0.0,3.0
TO,RENOVAÇÃO SOLIDÁRIA,7.98,2.0,0.0,4.0
TO,FE BRASIL,8.81,2.0,1.0,4.0
TO,PL,14.69,3.0,1.0,7.0
TO,PODE,3.34,0.0,0.0,1.0
TO,PSD,8.34,2.0,0.0,4.0
TO,REPUBLICANOS,16.76,4.0,2.0,8.0
TO,UNIÃO PROGRESSISTA,18.82,4.0,2.0,9.0
