uf,favori,parti_favori,rival,parti_rival,p_favori,p_elu_1er_tour,p_second_tour,gouverneur_2022,parti_2022
AC,MAILZA ASSIS,PP,ALAN RICK,REPUBLICANOS,0.5132,0.184,0.7516,GLADSON CAMELI,PP
AL,JHC,PSDB,RENAN FILHO,MDB,0.6617,0.6048,0.1128,PAULO DANTAS,MDB
AM,OMAR AZIZ,PSD,PROFESSORA MARIA DO CARMO,PL,0.7821,0.0362,0.9635,WILSON LIMA,UNIÃO
AP,DR. FURLAN,PSD,CLÉCIO,UNIÃO,0.9773,0.894,0.0921,CLÉCIO,SOLIDARIEDADE
BA,ACM NETO,UNIÃO,JERÔNIMO RODRIGUES,PT,0.5593,0.4159,0.2492,JERÔNIMO,PT
CE,CIRO GOMES,PSDB,ELMANO DE FREITAS,PT,0.548,0.4738,0.1218,ELMANO DE FREITAS,PT
DF,CELINA LEÃO,PP,ARRUDA,PSD,0.9412,0.25,0.75,IBANEIS ROCHA,MDB
ES,RICARDO FERRAÇO,MDB,LORENZO PAZOLINI,REPUBLICANOS,0.6801,0.1815,0.7292,RENATO CASAGRANDE,PSB
GO,DANIEL VILELA,MDB,MARCONI PERILLO,PSDB,0.9965,0.3635,0.6315,RONALDO CAIADO,UNIÃO
MA,EDUARDO BRAIDE,PSD,ORLEANS BRANDÃO,MDB,0.8689,0.156,0.7246,CARLOS BRANDÃO,PSB
MG,CLEITINHO AZEVEDO,REPUBLICANOS,PATRUS ANANIAS,PT,0.9841,0.3092,0.6905,ZEMA,NOVO
MS,EDUARDO RIEDEL,PP,FÁBIO TRAD,PT,0.9988,0.7772,0.2228,EDUARDO RIEDEL,PSDB
MT,OTAVIANO PIVETTA,REPUBLICANOS,WELLINGTON FAGUNDES,PL,0.6751,0.2193,0.7526,MAURO MENDES,UNIÃO
PA,DR. DANIEL,PODE,HANA GHASSAN,MDB,0.5171,0.4323,0.1395,HELDER,MDB
PB,LUCAS RIBEIRO,PP,EFRAIM FILHO,PL,0.9984,0.9763,0.0234,JOÃO,PSB
PE,RAQUEL LYRA,PSD,JOÃO CAMPOS,PSB,0.7048,0.5062,0.4127,RAQUEL LYRA,PSDB
PI,RAFAEL FONTELES,PT,JOEL RODRIGUES,PP,0.9976,0.9647,0.0353,RAFAEL FONTELES,PT
PR,SERGIO MORO,PL,REQUIÃO FILHO,PDT,0.9309,0.3864,0.6137,CARLOS MASSA RATINHO JUNIOR,PSD
RJ,EDUARDO PAES,PSD,DOUGLAS RUAS,PL,0.9116,0.3721,0.6042,CLÁUDIO CASTRO,PL
RN,ALLYSON,UNIÃO,ÁLVARO DIAS,PL,0.9327,0.2872,0.7105,FATIMA BEZERRA,PT
RO,MARCOS ROGÉRIO,PL,ADAILTON FURIA,PSD,0.9126,0.2553,0.7447,CORONEL MARCOS ROCHA,UNIÃO
RR,ARTHUR HENRIQUE,PL,SOLDADO SAMPAIO,REPUBLICANOS,0.9956,0.6845,0.3137,ANTONIO DENARIUM,PP
RS,ZUCCO,PL,JULIANA BRIZOLA,PDT,0.6784,0.2084,0.7913,EDUARDO LEITE,PSDB
SC,JORGINHO MELLO,PL,JOÃO RODRIGUES,PSD,0.9994,0.792,0.2081,JORGINHO MELLO,PL
SE,FÁBIO,PSD,VALMIR DE FRANCISQUINHO,REPUBLICANOS,0.8174,0.4617,0.4601,FÁBIO,PSD
SP,TARCÍSIO,REPUBLICANOS,FERNANDO HADDAD,PT,0.9601,0.778,0.2067,TARCÍSIO,REPUBLICANOS
TO,PROFESSORA DORINHA,UNIÃO,LAUREZ MOREIRA,PSD,1.0,0.9483,0.0517,WANDERLEI BARBOSA,REPUBLICANOS
