uf,candidat,parti,p_elu,moyenne_sondages
AC,GLADSON CAMELÍ,PP,0.6923,23.99
AC,MARCIO BITTAR,PL,0.5843,21.64
AC,MARA ROCHA,REPUBLICANOS,0.3271,16.58
AC,JORGE VIANA,PT,0.3102,16.14
AC,PETECÃO,PSD,0.0616,9.57
AC,EDUARDO VELLOSO,SOLIDARIEDADE,0.0246,7.59
AL,ARTHUR LIRA,PP,0.6703,26.81
AL,MARINA JHC,PSDB,0.6489,26.19
AL,RENAN,MDB,0.5273,23.62
AL,DAVI DAVINO FILHO,REPUBLICANOS,0.1399,14.19
AL,DR. WANDERLEY,MDB,0.0135,7.75
AM,EDUARDO BRAGA,MDB,0.7906,31.64
AM,CAPITÃO ALBERTO NETO,PL,0.6692,26.6
AM,WILSON LIMA,UNIÃO,0.2811,17.96
AM,PLINIO VALÉRIO,PSDB,0.2591,17.57
AP,RAYSSA FURLAN,PODE,0.8613,31.15
AP,RANDOLFE,PT,0.4848,20.57
AP,LUCAS BARRETO,PSD,0.432,19.48
AP,ALLINY SERRÃO,UNIÃO,0.1171,12.43
AP,ACÁCIO FAVACHO,MDB,0.1017,11.38
AP,CAPI,PSB,0.0031,3.37
BA,RUI COSTA,PT,0.7945,31.63
BA,JAQUES WAGNER,PT,0.6008,25.07
BA,JOÃO ROMA,PL,0.3308,19.5
BA,ANGELO CORONEL,REPUBLICANOS,0.274,18.04
CE,CID GOMES,PSB,0.7388,29.95
CE,CAPITÃO WAGNER,UNIÃO,0.5429,25.18
CE,LUIZIANNE,REDE,0.5207,24.58
CE,ALCIDES FERNANDES,PL,0.1974,16.04
CE,GUILHERME THEOPHILO,NOVO,0.0003,3.91
DF,MICHELLE BOLSONARO,PL,0.7912,29.73
DF,LEILA DO VÔLEI,PDT,0.5029,21.82
DF,BIA KICIS,PL,0.4134,20.06
DF,ERIKA KOKAY,PT,0.2833,17.44
DF,SEBASTIÃO COELHO,NOVO,0.0092,4.13
ES,RENATO CASAGRANDE,PSB,0.9554,33.17
ES,FABIANO CONTARATO,PT,0.3211,13.12
ES,SERGIO MENEGUELLI,PSD,0.2983,12.86
ES,MAGUINHA MALTA,PL,0.1821,10.94
ES,EVAIR DE MELO,REPUBLICANOS,0.1172,9.28
ES,ROSE DE FREITAS,MDB,0.1031,8.9
ES,MARCOS DO VAL,AVANTE,0.0226,5.69
ES,LEONARDO MONJARDIM,NOVO,0.0002,1.51
ES,CALLEGARI,DC,0.0001,1.02
GO,GRACINHA CAIADO,UNIÃO,0.7929,25.62
GO,GUSTAVO GAYER,PL,0.6441,21.55
GO,DR. ZACHARIAS CALIL,MDB,0.3281,15.5
GO,GUSTAVO MENDANHA,PRD,0.1305,10.73
GO,VANDERLAN CARDOSO,PSD,0.0736,8.54
GO,CINTIA DIAS,PSOL,0.0194,5.72
GO,ISAURA LEMOS,PSB,0.0061,5.14
GO,OSÉIAS VARÃO,PL,0.0054,4.81
MA,ROSEANA SARNEY,MDB,0.7005,24.21
MA,FUFUCA,PP,0.4447,18.35
MA,LAHESIO BONFIM,NOVO,0.3593,17.02
MA,WEVERTON ROCHA,PDT,0.2783,14.67
MA,ELIZIANE GAMA,PT,0.1414,11.7
MA,DR.HILTON GONÇALO,MOBILIZA,0.0474,6.77
MA,CIDÔNIO GONÇALVES,PL,0.0285,3.86
MG,MARÍLIA CAMPOS,PT,0.6301,21.09
MG,CARLOS VIANA,PSD,0.4683,18.38
MG,DOMINGOS SÁVIO,PL,0.3706,16.21
MG,AÉCIO NEVES,PSDB,0.3583,15.0
MG,MARCELO ARO,PP,0.1338,10.87
MG,ÁUREA CAROLINA,PSOL,0.0362,7.17
MG,MARCO ANTÔNIO SUPERMAN,NOVO,0.0026,3.69
MG,ANA LUIZA DO MLB,UP,0.0,0.0
MS,REINALDO AZAMBUJA,PL,0.9122,34.75
MS,CAPITÃO CONTAR,PL,0.8157,29.68
MS,VANDER LOUBET,PT,0.1769,15.1
MS,SORAYA,PSB,0.0952,12.3
MT,MAURO MENDES,UNIÃO,0.9109,32.5
MT,JANAINA RIVA,MDB,0.6179,21.83
MT,ZÉ MEDEIROS,PL,0.306,15.75
MT,FÁVARO,PSD,0.0996,11.37
MT,PEDRO TAQUES,PSB,0.0627,9.45
MT,GALVAN,AVANTE,0.0029,3.74
PA,HELDER,MDB,0.8282,30.35
PA,DELEGADO ÉDER MAURO,PL,0.5722,22.0
PA,CHICÃO,UNIÃO,0.2892,16.04
PA,ZEQUINHA MARINHO,PODE,0.2208,14.87
PA,CELSO SABINO,PDT,0.0891,10.72
PA,GIZELLE FREITAS,PSOL,0.0004,1.65
PA,BRENO GUIMARÃES,MOBILIZA,0.0001,0.94
PA,LIVIA NORONHA,SOLIDARIEDADE,0.0001,1.66
PA,CORONEL JONILDO,DC,0.0,1.02
PA,EDLAINE RODRIGUES,DEMOCRATA,0.0,0.32
PA,FERNANDA LOPES,UP,0.0,0.34
PA,CONTI,PSOL,0.0,0.94
PB,JOAO AZEVÊDO,PSB,0.9431,38.59
PB,VENEZIANO,MDB,0.7219,25.36
PB,NABOR,REPUBLICANOS,0.2514,16.86
PB,DR. MARCELO QUEIROGA,PL,0.0805,10.71
PB,MAJOR FÁBIO,NOVO,0.0031,5.15
PE,MARÍLIA ARRAES,PDT,0.8157,29.49
PE,HUMBERTO COSTA,PT,0.657,24.58
PE,MENDONÇA FILHO,PL,0.3343,18.12
PE,EDUARDO DA FONTE,PP,0.1747,14.48
PE,TÚLIO GADÊLHA,PSD,0.0182,7.46
PI,MARCELO CASTRO,MDB,0.7859,29.69
PI,JÚLIO CÉSAR O JULIM DO LULA,PSD,0.6034,25.3
PI,CIRO NOGUEIRA,PP,0.5632,25.37
PI,TIAGO JUNQUEIRA,PL,0.0476,9.32
PR,DELTAN DALLAGNOL,NOVO,0.5983,22.4
PR,FILIPE BARROS,PL,0.4471,19.04
PR,ALEXANDRE CURI,REPUBLICANOS,0.4448,19.07
PR,GLEISI,PT,0.3559,17.25
PR,CRISTINA GRAEML,PSD,0.1017,10.92
PR,DR ROSINHA,PT,0.0521,9.22
PR,JOAQUIM DO MLB,UP,0.0,0.48
PR,KAREN GUERREIRO,MISSÃO,0.0,1.08
PR,MARCELO MARCELINO,PCO,0.0,0.57
RJ,BENEDITA DA SILVA,PT,0.767,23.98
RJ,CARLOS JORDY,PL,0.4076,16.06
RJ,CARLOS PORTINHO,PL,0.3594,15.09
RJ,MARCELO CRIVELLA,REPUBLICANOS,0.2117,11.59
RJ,PEDRO PAULO,PSD,0.1897,11.55
RJ,MONICA BENICIO,PSOL,0.0544,7.92
RJ,WAGUINHO,REPUBLICANOS,0.0103,4.24
RJ,HELIO SECCO,MISSÃO,0.0001,1.51
RN,STYVENSON VALENTIM,PODE,0.8978,33.26
RN,ZENAIDE MAIA,PSD,0.6829,24.04
RN,SAMANDA DE LULA,PT,0.1741,13.66
RN,RAFAEL MOTTA,PDT,0.1277,12.06
RN,CORONEL HÉLIO,PL,0.1175,11.9
RO,DR. FERNANDO MÁXIMO,PL,0.7999,27.46
RO,BRUNO SCHEID,PL,0.456,19.56
RO,SÍLVIA CRISTINA,PP,0.4526,19.36
RO,MARIANA CARVALHO,REPUBLICANOS,0.2109,14.19
RO,ACIR GURGACZ,PDT,0.0806,9.13
RR,TERESA SURITA,MDB,0.738,25.67
RR,NICOLETTI,PL,0.5879,22.22
RR,HELENA DA ASATUR,PSD,0.3613,17.8
RR,CHICO RODRIGUES,PSB,0.2998,16.57
RR,HELIO FERNANDO BARBOSA LOPES,PL,0.0131,5.79
RS,MARCEL VAN HATTEM,NOVO,0.5859,22.45
RS,MANUELA D ÁVILA,PSOL,0.5126,20.73
RS,SANDERSON,PL,0.3916,18.04
RS,PIMENTA,PT,0.3008,16.27
RS,RIGOTTO,MDB,0.208,13.51
RS,FREDERICO ANTUNES,PSD,0.0011,3.62
SC,CAROL DE TONI,PL,0.7121,25.95
SC,ESPERIDIÃO AMIN,PP,0.5724,22.31
SC,CARLOS BOLSONARO,PL,0.5204,21.3
SC,DÉCIO LIMA,PT,0.1314,12.69
SC,LUNELLI,MDB,0.0433,7.28
SC,AFRÂNIO BOPPRÉ,PSOL,0.0204,6.81
SE,DELEGADO ANDRÉ DAVID,REPUBLICANOS,0.5164,18.15
SE,ROGERIO CARVALHO,PT,0.4034,16.05
SE,DELEGADO ALESSANDRO,MDB,0.3952,15.96
SE,ANDRÉ MOURA,UNIÃO,0.373,15.66
SE,EDUARDO AMORIM,REPUBLICANOS,0.1425,10.49
SE,EDVALDO,PDT,0.0989,9.47
SE,RODRIGO VALADARES,PL,0.058,8.02
SE,CORONEL ROCHA,PL,0.0125,3.57
SP,GUILHERME DERRITE,PP,0.5561,22.02
SP,MARINA SILVA,REDE,0.5133,20.86
SP,SIMONE TEBET,PSB,0.5008,20.59
SP,ANDRÉ DO PRADO,PL,0.396,18.56
SP,SALLES,NOVO,0.0326,6.01
SP,GERALDO RUFINO,PODE,0.0006,2.39
SP,SONINHA FRANCINE,CIDADANIA,0.0004,2.35
SP,MARCIO ALVES,UP,0.0001,1.32
SP,GUTO SCHIAVETTO,MISSÃO,0.0001,1.68
SP,DRA ELIANA FERREIRA,PSTU,0.0001,1.69
SP,EDNELSON CESARETTI,PCO,0.0,0.41
SP,MAÍRA DE SOUZA,UP,0.0,1.59
SP,PETTER MAAHS,PCB,0.0,0.18
SP,WELLER GONÇALVES,PSTU,0.0,0.2
SP,WILLIAM TEIXEIRA,AGIR,0.0,0.7
TO,EDUARDO GOMES,PL,0.7921,24.56
TO,ALEXANDRE GUIMARÃES,MDB,0.4506,16.71
TO,GAGUIM,UNIÃO,0.3727,15.51
TO,ELI BORGES,REPUBLICANOS,0.1709,11.21
TO,PAULO MOURÃO,PT,0.1018,9.68
TO,VANDERLEI LUXEMBURGO,PODE,0.0665,8.63
TO,RONALDO DIMAS,PODE,0.0454,7.68
